{"cameraMode":{"drawMode":0,"name":"Shaded","section":"Shading Mode"},"sceneLighting":true,"audioPlay":false,"sceneViewState":{"showFog":false,"showMaterialUpdate":false,"showSkybox":true,"showFlares":true,"showImageEffects":true,"showParticleSystems":true},"in2DMode":false,"pivot":{"x":2.6925530433654787,"y":2.1627414226531984,"z":-1.699357509613037},"rotation":{"x":0.19949135184288026,"y":-0.0390845462679863,"z":0.007964403368532658,"w":0.979091227054596},"size":4.90000057220459,"orthographic":false}